<?xml version="1.0" encoding="ISO-8859-1" ?>
<link_info>
   <banner>TMS320C2000 Linker PC v21.6.0.LTS</banner>
   <copyright>Copyright (c) 1996-2018 Texas Instruments Incorporated</copyright>
   <link_time>0x6524b309</link_time>
   <link_errors>0x0</link_errors>
   <output_file>ePWM_DB_Int.out</output_file>
   <entry_point>
      <name>_c_int00</name>
      <address>0x8800</address>
   </entry_point>
   <input_file_list>
      <input_file id="fl-2">
         <path>.\</path>
         <kind>object</kind>
         <file>epwm_DB.obj</file>
         <name>epwm_DB.obj</name>
      </input_file>
      <input_file id="fl-6">
         <kind>object</kind>
         <file>&lt;internal&gt;</file>
         <name>&lt;internal&gt;</name>
      </input_file>
   </input_file_list>
   <object_component_list>
      <object_component id="oc-5">
         <name>.text</name>
         <load_address>0x8800</load_address>
         <run_address>0x8800</run_address>
         <size>0x66</size>
         <input_file_ref idref="fl-2"/>
      </object_component>
      <object_component id="oc-6">
         <name>.debug_line</name>
         <load_address>0x0</load_address>
         <run_address>0x0</run_address>
         <size>0x77</size>
         <input_file_ref idref="fl-2"/>
      </object_component>
      <object_component id="oc-7">
         <name>.debug_info</name>
         <load_address>0x0</load_address>
         <run_address>0x0</run_address>
         <size>0x119</size>
         <input_file_ref idref="fl-2"/>
      </object_component>
      <object_component id="oc-16">
         <name>.debug_info</name>
         <load_address>0x119</load_address>
         <run_address>0x119</run_address>
         <size>0xa1</size>
      </object_component>
      <object_component id="oc-8">
         <name>.debug_abbrev</name>
         <load_address>0x0</load_address>
         <run_address>0x0</run_address>
         <size>0x3d</size>
         <input_file_ref idref="fl-2"/>
      </object_component>
      <object_component id="oc-17">
         <name>.debug_abbrev</name>
         <load_address>0x3d</load_address>
         <run_address>0x3d</run_address>
         <size>0xf</size>
      </object_component>
      <object_component id="oc-9">
         <name>.debug_aranges</name>
         <load_address>0x0</load_address>
         <run_address>0x0</run_address>
         <size>0x20</size>
         <input_file_ref idref="fl-2"/>
      </object_component>
   </object_component_list>
   <logical_group_list>
      <logical_group id="lg-2" display="no" color="cyan">
         <name>.text</name>
         <load_address>0x8800</load_address>
         <run_address>0x8800</run_address>
         <size>0x66</size>
         <contents>
            <object_component_ref idref="oc-5"/>
         </contents>
      </logical_group>
      <logical_group id="lg-3" display="no" color="cyan">
         <name>.data</name>
         <run_address>0x8a00</run_address>
         <size>0x0</size>
         <contents>
         </contents>
      </logical_group>
      <logical_group id="lg-c" display="never" color="cyan">
         <name>.debug_line</name>
         <load_address>0x0</load_address>
         <run_address>0x0</run_address>
         <size>0x77</size>
         <contents>
            <object_component_ref idref="oc-6"/>
         </contents>
      </logical_group>
      <logical_group id="lg-e" display="never" color="cyan">
         <name>.debug_info</name>
         <load_address>0x0</load_address>
         <run_address>0x0</run_address>
         <size>0x1ba</size>
         <contents>
            <object_component_ref idref="oc-7"/>
            <object_component_ref idref="oc-16"/>
         </contents>
      </logical_group>
      <logical_group id="lg-10" display="never" color="cyan">
         <name>.debug_abbrev</name>
         <load_address>0x0</load_address>
         <run_address>0x0</run_address>
         <size>0x4c</size>
         <contents>
            <object_component_ref idref="oc-8"/>
            <object_component_ref idref="oc-17"/>
         </contents>
      </logical_group>
      <logical_group id="lg-12" display="never" color="cyan">
         <name>.debug_aranges</name>
         <load_address>0x0</load_address>
         <run_address>0x0</run_address>
         <size>0x20</size>
         <contents>
            <object_component_ref idref="oc-9"/>
         </contents>
      </logical_group>
   </logical_group_list>
   <placement_map>
      <memory_area display="yes" color="green">
         <name>TEXT</name>
         <page_id>0x0</page_id>
         <origin>0x8800</origin>
         <length>0x200</length>
         <used_space>0x66</used_space>
         <unused_space>0x19a</unused_space>
         <attributes>RWIX</attributes>
         <usage_details>
            <allocated_space>
               <start_address>0x8800</start_address>
               <size>0x66</size>
               <logical_group_ref idref="lg-2"/>
            </allocated_space>
            <available_space>
               <start_address>0x8866</start_address>
               <size>0x19a</size>
            </available_space>
         </usage_details>
      </memory_area>
      <memory_area display="no" color="green">
         <name>DATA</name>
         <page_id>0x0</page_id>
         <origin>0x8a00</origin>
         <length>0x10</length>
         <used_space>0x0</used_space>
         <unused_space>0x10</unused_space>
         <attributes>RWIX</attributes>
         <usage_details>
            <allocated_space>
               <start_address>0x8a00</start_address>
               <size>0x0</size>
               <logical_group_ref idref="lg-3"/>
            </allocated_space>
            <available_space>
               <start_address>0x8a00</start_address>
               <size>0x10</size>
            </available_space>
         </usage_details>
      </memory_area>
   </placement_map>
   <symbol_table>
      <symbol id="sm-0">
         <name>cinit</name>
         <value>0xffffffff</value>
      </symbol>
      <symbol id="sm-1">
         <name>___cinit__</name>
         <value>0xffffffff</value>
      </symbol>
      <symbol id="sm-2">
         <name>pinit</name>
         <value>0xffffffff</value>
      </symbol>
      <symbol id="sm-3">
         <name>___pinit__</name>
         <value>0xffffffff</value>
      </symbol>
      <symbol id="sm-4">
         <name>binit</name>
         <value>0xffffffff</value>
      </symbol>
      <symbol id="sm-5">
         <name>___binit__</name>
         <value>0xffffffff</value>
      </symbol>
      <symbol id="sm-6">
         <name>___c_args__</name>
         <value>0xffffffff</value>
      </symbol>
      <symbol id="sm-7">
         <name>.text</name>
         <value>0x8800</value>
      </symbol>
      <symbol id="sm-8">
         <name>___text__</name>
         <value>0x8800</value>
      </symbol>
      <symbol id="sm-9">
         <name>etext</name>
         <value>0x8866</value>
      </symbol>
      <symbol id="sm-a">
         <name>___etext__</name>
         <value>0x8866</value>
      </symbol>
      <symbol id="sm-b">
         <name>.data</name>
         <value>0x8a00</value>
      </symbol>
      <symbol id="sm-c">
         <name>___data__</name>
         <value>0x8a00</value>
      </symbol>
      <symbol id="sm-d">
         <name>edata</name>
         <value>0x8a00</value>
      </symbol>
      <symbol id="sm-e">
         <name>___edata__</name>
         <value>0x8a00</value>
      </symbol>
      <symbol id="sm-f">
         <name>___TI_pprof_out_hndl</name>
         <value>0xffffffff</value>
      </symbol>
      <symbol id="sm-10">
         <name>___TI_prof_data_start</name>
         <value>0xffffffff</value>
      </symbol>
      <symbol id="sm-11">
         <name>___TI_prof_data_size</name>
         <value>0xffffffff</value>
      </symbol>
      <symbol id="sm-2e">
         <name>_c_int00</name>
         <value>0x8800</value>
         <object_component_ref idref="oc-5"/>
      </symbol>
   </symbol_table>
   <title>Link successful</title>
</link_info>
